category	safe	repo	path	branch	size_bytes	size_human	action	reason
needs-review	0	[home]/Documents/_projects/lazydad-partners/lazydadgourmet	[home]/Documents/_projects/lazydad-partners/.wheelhouse-worktrees/lazydad-partners-3ltq	fleet/lazydad-partners-3ltq	55779328	53.2M	none	worktree has uncommitted changes
needs-review	0	[home]/Documents/_projects/lazydad-partners/lazydadgourmet	[home]/Documents/_projects/lazydad-partners/.wheelhouse-worktrees/lazydad-partners-753	fleet/lazydad-partners-753	49463296	47.2M	none	no closed bead record found for this fleet branch
needs-review	0	[home]/Documents/_projects/lazydad-partners/lazydadgourmet	[home]/Documents/_projects/lazydad-partners/.wheelhouse-worktrees/lazydad-partners-a1ex	fleet/lazydad-partners-a1ex	55037952	52.5M	none	no closed bead record found for this fleet branch
needs-review	0	[home]/Documents/_projects/lazydad-partners/lazydadgourmet	[home]/Documents/_projects/lazydad-partners/.wheelhouse-worktrees/lazydad-partners-dkqq	fleet/lazydad-partners-dkqq	366551040	349.6M	none	no closed bead record found for this fleet branch
needs-review	0	[home]/Documents/_projects/lazydad-partners/lazydadgourmet	[home]/Documents/_projects/lazydad-partners/.wheelhouse-worktrees/lazydad-partners-jodw	fleet/lazydad-partners-jodw	366026752	349.1M	none	no closed bead record found for this fleet branch
needs-review	0	[home]/Documents/_projects/lazydad-partners/lazydadgourmet	[home]/Documents/_projects/lazydad-partners/.wheelhouse-worktrees/lazydad-partners-ku6	fleet/lazydad-partners-ku6	49156096	46.9M	none	no closed bead record found for this fleet branch
needs-review	0	[home]/Documents/_projects/lazydad-partners/lazydadgourmet	[home]/Documents/_projects/lazydad-partners/.wheelhouse-worktrees/lazydad-partners-mfa	fleet/lazydad-partners-mfa	49156096	46.9M	none	no closed bead record found for this fleet branch
needs-review	0	[home]/Documents/_projects/lazydad-partners/lazydadgourmet	[home]/Documents/_projects/lazydad-partners/.wheelhouse-worktrees/lazydad-partners-qsl2	fleet/lazydad-partners-qsl2	366055424	349.1M	none	no closed bead record found for this fleet branch
needs-review	0	[home]/Documents/_projects/lazydad-partners/lazydadgourmet	[home]/Documents/_projects/lazydad-partners/.wheelhouse-worktrees/lazydad-partners-tq99	fleet/lazydad-partners-tq99	361963520	345.2M	none	no closed bead record found for this fleet branch
needs-review	0	[home]/Documents/_projects/lazydad-partners/lazydadgourmet	[home]/Documents/_projects/lazydad-partners/lazydadgourmet	fleet/lazydad-partners-37y	457060352	435.9M	none	no closed bead record found for this fleet branch
needs-review	0	[home]/Documents/_projects/lazydad-partners/lazydadgourmet	[home]/Documents/_projects/lazydad-partners/lazydadgourmet	fleet/lazydad-partners-3ji	457060352	435.9M	none	no closed bead record found for this fleet branch
needs-review	0	[home]/Documents/_projects/lazydad-partners/lazydadgourmet	[home]/Documents/_projects/lazydad-partners/lazydadgourmet	fleet/lazydad-partners-5nh	457060352	435.9M	none	no closed bead record found for this fleet branch
needs-review	0	[home]/Documents/_projects/lazydad-partners/lazydadgourmet	[home]/Documents/_projects/lazydad-partners/lazydadgourmet	fleet/lazydad-partners-ecj	457060352	435.9M	none	no closed bead record found for this fleet branch
needs-review	0	[home]/Documents/_projects/lazydad-partners/lazydadgourmet	[home]/Documents/_projects/lazydad-partners/lazydadgourmet	fleet/lazydad-partners-mbe	457060352	435.9M	none	no closed bead record found for this fleet branch
needs-review	0	[home]/Documents/_projects/lazydad-partners/lazydadgourmet	[home]/Documents/_projects/lazydad-partners/lazydadgourmet	fleet/lazydad-partners-qegi	457060352	435.9M	none	no closed bead record found for this fleet branch
needs-review	0	[home]/Documents/_projects/lazydad-partners/lazydadgourmet/middleware	[home]/Documents/_projects/lazydad-partners/lazydadgourmet/middleware/node_modules/.bin		0	0.0B	none	.bin is below dependency directory node_modules; dependency package contents are never safe build-cache
needs-review	0	[home]/Documents/_projects/lazydad-partners/lazydadgourmet/middleware	[home]/Documents/_projects/lazydad-partners/lazydadgourmet/middleware/node_modules/@cloudflare/kv-asset-handler/dist		163840	160.0K	none	dist is below dependency directory node_modules; dependency package contents are never safe build-cache
needs-review	0	[home]/Documents/_projects/lazydad-partners/lazydadgourmet/middleware	[home]/Documents/_projects/lazydad-partners/lazydadgourmet/middleware/node_modules/@cloudflare/unenv-preset/dist		57344	56.0K	none	dist is below dependency directory node_modules; dependency package contents are never safe build-cache
needs-review	0	[home]/Documents/_projects/lazydad-partners/lazydadgourmet/middleware	[home]/Documents/_projects/lazydad-partners/lazydadgourmet/middleware/node_modules/@cloudflare/vitest-pool-workers/dist		7323648	7.0M	none	dist is below dependency directory node_modules; dependency package contents are never safe build-cache
needs-review	0	[home]/Documents/_projects/lazydad-partners/lazydadgourmet/middleware	[home]/Documents/_projects/lazydad-partners/lazydadgourmet/middleware/node_modules/@cloudflare/workerd-darwin-arm64/bin		114569216	109.3M	none	bin is below dependency directory node_modules; dependency package contents are never safe build-cache
needs-review	0	[home]/Documents/_projects/lazydad-partners/lazydadgourmet/middleware	[home]/Documents/_projects/lazydad-partners/lazydadgourmet/middleware/node_modules/@emnapi/core/dist		901120	880.0K	none	dist is below dependency directory node_modules; dependency package contents are never safe build-cache
needs-review	0	[home]/Documents/_projects/lazydad-partners/lazydadgourmet/middleware	[home]/Documents/_projects/lazydad-partners/lazydadgourmet/middleware/node_modules/@emnapi/runtime/dist		471040	460.0K	none	dist is below dependency directory node_modules; dependency package contents are never safe build-cache
needs-review	0	[home]/Documents/_projects/lazydad-partners/lazydadgourmet/middleware	[home]/Documents/_projects/lazydad-partners/lazydadgourmet/middleware/node_modules/@emnapi/wasi-threads/dist		40960	40.0K	none	dist is below dependency directory node_modules; dependency package contents are never safe build-cache
needs-review	0	[home]/Documents/_projects/lazydad-partners/lazydadgourmet/middleware	[home]/Documents/_projects/lazydad-partners/lazydadgourmet/middleware/node_modules/@esbuild/darwin-arm64/bin		10575872	10.1M	none	bin is below dependency directory node_modules; dependency package contents are never safe build-cache
needs-review	0	[home]/Documents/_projects/lazydad-partners/lazydadgourmet/middleware	[home]/Documents/_projects/lazydad-partners/lazydadgourmet/middleware/node_modules/@jridgewell/resolve-uri/dist		61440	60.0K	none	dist is below dependency directory node_modules; dependency package contents are never safe build-cache
needs-review	0	[home]/Documents/_projects/lazydad-partners/lazydadgourmet/middleware	[home]/Documents/_projects/lazydad-partners/lazydadgourmet/middleware/node_modules/@jridgewell/sourcemap-codec/dist		57344	56.0K	none	dist is below dependency directory node_modules; dependency package contents are never safe build-cache
needs-review	0	[home]/Documents/_projects/lazydad-partners/lazydadgourmet/middleware	[home]/Documents/_projects/lazydad-partners/lazydadgourmet/middleware/node_modules/@jridgewell/trace-mapping/dist		114688	112.0K	none	dist is below dependency directory node_modules; dependency package contents are never safe build-cache
needs-review	0	[home]/Documents/_projects/lazydad-partners/lazydadgourmet/middleware	[home]/Documents/_projects/lazydad-partners/lazydadgourmet/middleware/node_modules/@napi-rs/wasm-runtime/dist		1024000	1000.0K	none	dist is below dependency directory node_modules; dependency package contents are never safe build-cache
needs-review	0	[home]/Documents/_projects/lazydad-partners/lazydadgourmet/middleware	[home]/Documents/_projects/lazydad-partners/lazydadgourmet/middleware/node_modules/@peculiar/asn1-cms/build		331776	324.0K	none	build is below dependency directory node_modules; dependency package contents are never safe build-cache
needs-review	0	[home]/Documents/_projects/lazydad-partners/lazydadgourmet/middleware	[home]/Documents/_projects/lazydad-partners/lazydadgourmet/middleware/node_modules/@peculiar/asn1-csr/build		53248	52.0K	none	build is below dependency directory node_modules; dependency package contents are never safe build-cache
needs-review	0	[home]/Documents/_projects/lazydad-partners/lazydadgourmet/middleware	[home]/Documents/_projects/lazydad-partners/lazydadgourmet/middleware/node_modules/@peculiar/asn1-ecc/build		94208	92.0K	none	build is below dependency directory node_modules; dependency package contents are never safe build-cache
needs-review	0	[home]/Documents/_projects/lazydad-partners/lazydadgourmet/middleware	[home]/Documents/_projects/lazydad-partners/lazydadgourmet/middleware/node_modules/@peculiar/asn1-pfx/build		176128	172.0K	none	build is below dependency directory node_modules; dependency package contents are never safe build-cache
needs-review	0	[home]/Documents/_projects/lazydad-partners/lazydadgourmet/middleware	[home]/Documents/_projects/lazydad-partners/lazydadgourmet/middleware/node_modules/@peculiar/asn1-pkcs8/build		40960	40.0K	none	build is below dependency directory node_modules; dependency package contents are never safe build-cache
needs-review	0	[home]/Documents/_projects/lazydad-partners/lazydadgourmet/middleware	[home]/Documents/_projects/lazydad-partners/lazydadgourmet/middleware/node_modules/@peculiar/asn1-pkcs9/build		53248	52.0K	none	build is below dependency directory node_modules; dependency package contents are never safe build-cache
needs-review	0	[home]/Documents/_projects/lazydad-partners/lazydadgourmet/middleware	[home]/Documents/_projects/lazydad-partners/lazydadgourmet/middleware/node_modules/@peculiar/asn1-rsa/build		131072	128.0K	none	build is below dependency directory node_modules; dependency package contents are never safe build-cache
needs-review	0	[home]/Documents/_projects/lazydad-partners/lazydadgourmet/middleware	[home]/Documents/_projects/lazydad-partners/lazydadgourmet/middleware/node_modules/@peculiar/asn1-schema/build		262144	256.0K	none	build is below dependency directory node_modules; dependency package contents are never safe build-cache
needs-review	0	[home]/Documents/_projects/lazydad-partners/lazydadgourmet/middleware	[home]/Documents/_projects/lazydad-partners/lazydadgourmet/middleware/node_modules/@peculiar/asn1-x509-attr/build		262144	256.0K	none	build is below dependency directory node_modules; dependency package contents are never safe build-cache
needs-review	0	[home]/Documents/_projects/lazydad-partners/lazydadgourmet/middleware	[home]/Documents/_projects/lazydad-partners/lazydadgourmet/middleware/node_modules/@peculiar/asn1-x509/build		552960	540.0K	none	build is below dependency directory node_modules; dependency package contents are never safe build-cache
needs-review	0	[home]/Documents/_projects/lazydad-partners/lazydadgourmet/middleware	[home]/Documents/_projects/lazydad-partners/lazydadgourmet/middleware/node_modules/@peculiar/utils/build		364544	356.0K	none	build is below dependency directory node_modules; dependency package contents are never safe build-cache
needs-review	0	[home]/Documents/_projects/lazydad-partners/lazydadgourmet/middleware	[home]/Documents/_projects/lazydad-partners/lazydadgourmet/middleware/node_modules/@peculiar/x509/build		548864	536.0K	none	build is below dependency directory node_modules; dependency package contents are never safe build-cache
needs-review	0	[home]/Documents/_projects/lazydad-partners/lazydadgourmet/middleware	[home]/Documents/_projects/lazydad-partners/lazydadgourmet/middleware/node_modules/@poppinss/colors/build		32768	32.0K	none	build is below dependency directory node_modules; dependency package contents are never safe build-cache
needs-review	0	[home]/Documents/_projects/lazydad-partners/lazydadgourmet/middleware	[home]/Documents/_projects/lazydad-partners/lazydadgourmet/middleware/node_modules/@poppinss/dumper/build		143360	140.0K	none	build is below dependency directory node_modules; dependency package contents are never safe build-cache
needs-review	0	[home]/Documents/_projects/lazydad-partners/lazydadgourmet/middleware	[home]/Documents/_projects/lazydad-partners/lazydadgourmet/middleware/node_modules/@poppinss/exception/build		12288	12.0K	none	build is below dependency directory node_modules; dependency package contents are never safe build-cache
needs-review	0	[home]/Documents/_projects/lazydad-partners/lazydadgourmet/middleware	[home]/Documents/_projects/lazydad-partners/lazydadgourmet/middleware/node_modules/@rolldown/pluginutils/dist		32768	32.0K	none	dist is below dependency directory node_modules; dependency package contents are never safe build-cache
needs-review	0	[home]/Documents/_projects/lazydad-partners/lazydadgourmet/middleware	[home]/Documents/_projects/lazydad-partners/lazydadgourmet/middleware/node_modules/@speed-highlight/core/dist		1146880	1.1M	none	dist is below dependency directory node_modules; dependency package contents are never safe build-cache
needs-review	0	[home]/Documents/_projects/lazydad-partners/lazydadgourmet/middleware	[home]/Documents/_projects/lazydad-partners/lazydadgourmet/middleware/node_modules/@standard-schema/spec/dist		20480	20.0K	none	dist is below dependency directory node_modules; dependency package contents are never safe build-cache
needs-review	0	[home]/Documents/_projects/lazydad-partners/lazydadgourmet/middleware	[home]/Documents/_projects/lazydad-partners/lazydadgourmet/middleware/node_modules/@tybys/wasm-util/dist		536576	524.0K	none	dist is below dependency directory node_modules; dependency package contents are never safe build-cache
needs-review	0	[home]/Documents/_projects/lazydad-partners/lazydadgourmet/middleware	[home]/Documents/_projects/lazydad-partners/lazydadgourmet/middleware/node_modules/@vitest/expect/dist		106496	104.0K	none	dist is below dependency directory node_modules; dependency package contents are never safe build-cache
needs-review	0	[home]/Documents/_projects/lazydad-partners/lazydadgourmet/middleware	[home]/Documents/_projects/lazydad-partners/lazydadgourmet/middleware/node_modules/@vitest/mocker/dist		262144	256.0K	none	dist is below dependency directory node_modules; dependency package contents are never safe build-cache
needs-review	0	[home]/Documents/_projects/lazydad-partners/lazydadgourmet/middleware	[home]/Documents/_projects/lazydad-partners/lazydadgourmet/middleware/node_modules/@vitest/pretty-format/dist		53248	52.0K	none	dist is below dependency directory node_modules; dependency package contents are never safe build-cache
needs-review	0	[home]/Documents/_projects/lazydad-partners/lazydadgourmet/middleware	[home]/Documents/_projects/lazydad-partners/lazydadgourmet/middleware/node_modules/@vitest/runner/dist		212992	208.0K	none	dist is below dependency directory node_modules; dependency package contents are never safe build-cache
needs-review	0	[home]/Documents/_projects/lazydad-partners/lazydadgourmet/middleware	[home]/Documents/_projects/lazydad-partners/lazydadgourmet/middleware/node_modules/@vitest/snapshot/dist		73728	72.0K	none	dist is below dependency directory node_modules; dependency package contents are never safe build-cache
needs-review	0	[home]/Documents/_projects/lazydad-partners/lazydadgourmet/middleware	[home]/Documents/_projects/lazydad-partners/lazydadgourmet/middleware/node_modules/@vitest/spy/dist		40960	40.0K	none	dist is below dependency directory node_modules; dependency package contents are never safe build-cache
needs-review	0	[home]/Documents/_projects/lazydad-partners/lazydadgourmet/middleware	[home]/Documents/_projects/lazydad-partners/lazydadgourmet/middleware/node_modules/@vitest/utils/dist		245760	240.0K	none	dist is below dependency directory node_modules; dependency package contents are never safe build-cache
needs-review	0	[home]/Documents/_projects/lazydad-partners/lazydadgourmet/middleware	[home]/Documents/_projects/lazydad-partners/lazydadgourmet/middleware/node_modules/asn1js/build		282624	276.0K	none	build is below dependency directory node_modules; dependency package contents are never safe build-cache
needs-review	0	[home]/Documents/_projects/lazydad-partners/lazydadgourmet/middleware	[home]/Documents/_projects/lazydad-partners/lazydadgourmet/middleware/node_modules/blake3-wasm/dist		589824	576.0K	none	dist is below dependency directory node_modules; dependency package contents are never safe build-cache
needs-review	0	[home]/Documents/_projects/lazydad-partners/lazydadgourmet/middleware	[home]/Documents/_projects/lazydad-partners/lazydadgourmet/middleware/node_modules/blake3-wasm/dist/build		57344	56.0K	none	build is below dependency directory node_modules; dependency package contents are never safe build-cache
needs-review	0	[home]/Documents/_projects/lazydad-partners/lazydadgourmet/middleware	[home]/Documents/_projects/lazydad-partners/lazydadgourmet/middleware/node_modules/blake3-wasm/esm/build		53248	52.0K	none	build is below dependency directory node_modules; dependency package contents are never safe build-cache
needs-review	0	[home]/Documents/_projects/lazydad-partners/lazydadgourmet/middleware	[home]/Documents/_projects/lazydad-partners/lazydadgourmet/middleware/node_modules/cjs-module-lexer/dist		73728	72.0K	none	dist is below dependency directory node_modules; dependency package contents are never safe build-cache
needs-review	0	[home]/Documents/_projects/lazydad-partners/lazydadgourmet/middleware	[home]/Documents/_projects/lazydad-partners/lazydadgourmet/middleware/node_modules/cookie/dist		49152	48.0K	none	dist is below dependency directory node_modules; dependency package contents are never safe build-cache
needs-review	0	[home]/Documents/_projects/lazydad-partners/lazydadgourmet/middleware	[home]/Documents/_projects/lazydad-partners/lazydadgourmet/middleware/node_modules/error-stack-parser-es/dist		49152	48.0K	none	dist is below dependency directory node_modules; dependency package contents are never safe build-cache
needs-review	0	[home]/Documents/_projects/lazydad-partners/lazydadgourmet/middleware	[home]/Documents/_projects/lazydad-partners/lazydadgourmet/middleware/node_modules/es-module-lexer/dist		131072	128.0K	none	dist is below dependency directory node_modules; dependency package contents are never safe build-cache
needs-review	0	[home]/Documents/_projects/lazydad-partners/lazydadgourmet/middleware	[home]/Documents/_projects/lazydad-partners/lazydadgourmet/middleware/node_modules/esbuild/bin		10575872	10.1M	none	bin is below dependency directory node_modules; dependency package contents are never safe build-cache
needs-review	0	[home]/Documents/_projects/lazydad-partners/lazydadgourmet/middleware	[home]/Documents/_projects/lazydad-partners/lazydadgourmet/middleware/node_modules/expect-type/dist		114688	112.0K	none	dist is below dependency directory node_modules; dependency package contents are never safe build-cache
needs-review	0	[home]/Documents/_projects/lazydad-partners/lazydadgourmet/middleware	[home]/Documents/_projects/lazydad-partners/lazydadgourmet/middleware/node_modules/fdir/dist		57344	56.0K	none	dist is below dependency directory node_modules; dependency package contents are never safe build-cache
needs-review	0	[home]/Documents/_projects/lazydad-partners/lazydadgourmet/middleware	[home]/Documents/_projects/lazydad-partners/lazydadgourmet/middleware/node_modules/magic-string/dist		462848	452.0K	none	dist is below dependency directory node_modules; dependency package contents are never safe build-cache
needs-review	0	[home]/Documents/_projects/lazydad-partners/lazydadgourmet/middleware	[home]/Documents/_projects/lazydad-partners/lazydadgourmet/middleware/node_modules/miniflare/dist		26501120	25.3M	none	dist is below dependency directory node_modules; dependency package contents are never safe build-cache
needs-review	0	[home]/Documents/_projects/lazydad-partners/lazydadgourmet/middleware	[home]/Documents/_projects/lazydad-partners/lazydadgourmet/middleware/node_modules/nanoid/bin		4096	4.0K	none	bin is below dependency directory node_modules; dependency package contents are never safe build-cache
needs-review	0	[home]/Documents/_projects/lazydad-partners/lazydadgourmet/middleware	[home]/Documents/_projects/lazydad-partners/lazydadgourmet/middleware/node_modules/obug/dist		28672	28.0K	none	dist is below dependency directory node_modules; dependency package contents are never safe build-cache
needs-review	0	[home]/Documents/_projects/lazydad-partners/lazydadgourmet/middleware	[home]/Documents/_projects/lazydad-partners/lazydadgourmet/middleware/node_modules/path-to-regexp/dist		57344	56.0K	none	dist is below dependency directory node_modules; dependency package contents are never safe build-cache
needs-review	0	[home]/Documents/_projects/lazydad-partners/lazydadgourmet/middleware	[home]/Documents/_projects/lazydad-partners/lazydadgourmet/middleware/node_modules/pathe/dist		73728	72.0K	none	dist is below dependency directory node_modules; dependency package contents are never safe build-cache
needs-review	0	[home]/Documents/_projects/lazydad-partners/lazydadgourmet/middleware	[home]/Documents/_projects/lazydad-partners/lazydadgourmet/middleware/node_modules/pvtsutils/build		45056	44.0K	none	build is below dependency directory node_modules; dependency package contents are never safe build-cache
needs-review	0	[home]/Documents/_projects/lazydad-partners/lazydadgourmet/middleware	[home]/Documents/_projects/lazydad-partners/lazydadgourmet/middleware/node_modules/pvutils/build		36864	36.0K	none	build is below dependency directory node_modules; dependency package contents are never safe build-cache
needs-review	0	[home]/Documents/_projects/lazydad-partners/lazydadgourmet/middleware	[home]/Documents/_projects/lazydad-partners/lazydadgourmet/middleware/node_modules/rolldown/bin		4096	4.0K	none	bin is below dependency directory node_modules; dependency package contents are never safe build-cache
needs-review	0	[home]/Documents/_projects/lazydad-partners/lazydadgourmet/middleware	[home]/Documents/_projects/lazydad-partners/lazydadgourmet/middleware/node_modules/rolldown/dist		925696	904.0K	none	dist is below dependency directory node_modules; dependency package contents are never safe build-cache
needs-review	0	[home]/Documents/_projects/lazydad-partners/lazydadgourmet/middleware	[home]/Documents/_projects/lazydad-partners/lazydadgourmet/middleware/node_modules/semver/bin		8192	8.0K	none	bin is below dependency directory node_modules; dependency package contents are never safe build-cache
needs-review	0	[home]/Documents/_projects/lazydad-partners/lazydadgourmet/middleware	[home]/Documents/_projects/lazydad-partners/lazydadgourmet/middleware/node_modules/sharp/dist		675840	660.0K	none	dist is below dependency directory node_modules; dependency package contents are never safe build-cache
needs-review	0	[home]/Documents/_projects/lazydad-partners/lazydadgourmet/middleware	[home]/Documents/_projects/lazydad-partners/lazydadgourmet/middleware/node_modules/std-env/dist		12288	12.0K	none	dist is below dependency directory node_modules; dependency package contents are never safe build-cache
needs-review	0	[home]/Documents/_projects/lazydad-partners/lazydadgourmet/middleware	[home]/Documents/_projects/lazydad-partners/lazydadgourmet/middleware/node_modules/tinybench/dist		57344	56.0K	none	dist is below dependency directory node_modules; dependency package contents are never safe build-cache
needs-review	0	[home]/Documents/_projects/lazydad-partners/lazydadgourmet/middleware	[home]/Documents/_projects/lazydad-partners/lazydadgourmet/middleware/node_modules/tinyexec/dist		20480	20.0K	none	dist is below dependency directory node_modules; dependency package contents are never safe build-cache
needs-review	0	[home]/Documents/_projects/lazydad-partners/lazydadgourmet/middleware	[home]/Documents/_projects/lazydad-partners/lazydadgourmet/middleware/node_modules/tinyglobby/dist		49152	48.0K	none	dist is below dependency directory node_modules; dependency package contents are never safe build-cache
needs-review	0	[home]/Documents/_projects/lazydad-partners/lazydadgourmet/middleware	[home]/Documents/_projects/lazydad-partners/lazydadgourmet/middleware/node_modules/tinyrainbow/dist		8192	8.0K	none	dist is below dependency directory node_modules; dependency package contents are never safe build-cache
needs-review	0	[home]/Documents/_projects/lazydad-partners/lazydadgourmet/middleware	[home]/Documents/_projects/lazydad-partners/lazydadgourmet/middleware/node_modules/tsyringe/dist		647168	632.0K	none	dist is below dependency directory node_modules; dependency package contents are never safe build-cache
needs-review	0	[home]/Documents/_projects/lazydad-partners/lazydadgourmet/middleware	[home]/Documents/_projects/lazydad-partners/lazydadgourmet/middleware/node_modules/typescript/bin		8192	8.0K	none	bin is below dependency directory node_modules; dependency package contents are never safe build-cache
needs-review	0	[home]/Documents/_projects/lazydad-partners/lazydadgourmet/middleware	[home]/Documents/_projects/lazydad-partners/lazydadgourmet/middleware/node_modules/unenv/dist		1638400	1.6M	none	dist is below dependency directory node_modules; dependency package contents are never safe build-cache
needs-review	0	[home]/Documents/_projects/lazydad-partners/lazydadgourmet/middleware	[home]/Documents/_projects/lazydad-partners/lazydadgourmet/middleware/node_modules/vite/bin		8192	8.0K	none	bin is below dependency directory node_modules; dependency package contents are never safe build-cache
needs-review	0	[home]/Documents/_projects/lazydad-partners/lazydadgourmet/middleware	[home]/Documents/_projects/lazydad-partners/lazydadgourmet/middleware/node_modules/vite/dist		2224128	2.1M	none	dist is below dependency directory node_modules; dependency package contents are never safe build-cache
needs-review	0	[home]/Documents/_projects/lazydad-partners/lazydadgourmet/middleware	[home]/Documents/_projects/lazydad-partners/lazydadgourmet/middleware/node_modules/vitest/dist		2101248	2.0M	none	dist is below dependency directory node_modules; dependency package contents are never safe build-cache
needs-review	0	[home]/Documents/_projects/lazydad-partners/lazydadgourmet/middleware	[home]/Documents/_projects/lazydad-partners/lazydadgourmet/middleware/node_modules/workerd/bin		114569216	109.3M	none	bin is below dependency directory node_modules; dependency package contents are never safe build-cache
needs-review	0	[home]/Documents/_projects/lazydad-partners/lazydadgourmet/middleware	[home]/Documents/_projects/lazydad-partners/lazydadgourmet/middleware/node_modules/wrangler/bin		8192	8.0K	none	bin is below dependency directory node_modules; dependency package contents are never safe build-cache
needs-review	0	[home]/Documents/_projects/lazydad-partners/lazydadgourmet/middleware	[home]/Documents/_projects/lazydad-partners/lazydadgourmet/middleware/node_modules/youch-core/build		32768	32.0K	none	build is below dependency directory node_modules; dependency package contents are never safe build-cache
needs-review	0	[home]/Documents/_projects/lazydad-partners/lazydadgourmet/middleware	[home]/Documents/_projects/lazydad-partners/lazydadgourmet/middleware/node_modules/youch/build		204800	200.0K	none	build is below dependency directory node_modules; dependency package contents are never safe build-cache
xctest-devices	1	[home]/Documents/_projects/lazydad-partners/lazydadgourmet/middleware	[home]/Library/Developer/XCTestDevices		0	0.0B	xctest-devices	XCTestDevices set is idle: no xcodebuild process and no booted simulator
